/*
	Include test data here
*/

USE [WIT]
DELETE FROM WIT_USER
DELETE FROM AspNetRoles
DELETE FROM AspNetUsers
DELETE FROM WIT_CATEGORY
DELETE FROM WIT_COMPANY
DELETE FROM WIT_NAVBAR

INSERT INTO WIT_NAVBAR (Menu,SubMenu,URL) 
SELECT 'Admin Maintenance',REPLACE(name,'WIT_','') , REPLACE(name,'WIT_','') + '/Index' FROM SYS.tables WHERE name LIKE 'wit%'

INSERT INTO Wit_Company(Company_UID,CompanyName,CompanyAddress)
VALUES ('2D5BDCD6-7237-E411-90A1-EC9A7436DA60','WITTAPPS','MAKATI CITY')

INSERT INTO Wit_Company(Company_UID,CompanyName,CompanyAddress)
VALUES ('2E5BDCD6-7237-E411-90A1-EC9A7436DA60','ABC','MAKATI CITY')

INSERT INTO Wit_Company(Company_UID,CompanyName,CompanyAddress)
VALUES ('2E5BDCD6-7237-E411-90A1-EC9A7436DA61','DEF','MAKATI CITY')

INSERT INTO Wit_Company(Company_UID,CompanyName,CompanyAddress)
VALUES ('2E5BDCD6-7237-E411-90A1-EC9A7436DA62','ASTICOM','MAKATI CITY')

INSERT INTO Wit_Category (Company_UID,CategoryName) VALUES ('2D5BDCD6-7237-E411-90A1-EC9A7436DA60','Best Seller')
INSERT INTO Wit_Category (Company_UID,CategoryName) VALUES ('2D5BDCD6-7237-E411-90A1-EC9A7436DA60','Promo')
INSERT INTO Wit_Category (Company_UID,CategoryName) VALUES ('2D5BDCD6-7237-E411-90A1-EC9A7436DA60','Appetizer')
INSERT INTO Wit_Category (Company_UID,CategoryName) VALUES ('2D5BDCD6-7237-E411-90A1-EC9A7436DA60','Fish')
INSERT INTO Wit_Category (Company_UID,CategoryName) VALUES ('2D5BDCD6-7237-E411-90A1-EC9A7436DA60','Chicken')
INSERT INTO Wit_Category (Company_UID,CategoryName) VALUES ('2E5BDCD6-7237-E411-90A1-EC9A7436DA60','Pork')
INSERT INTO Wit_Category (Company_UID,CategoryName) VALUES ('2E5BDCD6-7237-E411-90A1-EC9A7436DA60','Desert')
INSERT INTO Wit_Category (Company_UID,CategoryName) VALUES ('2E5BDCD6-7237-E411-90A1-EC9A7436DA60','Drinks')
INSERT INTO Wit_Category (Company_UID,CategoryName) VALUES ('2E5BDCD6-7237-E411-90A1-EC9A7436DA60','Cake')
INSERT INTO Wit_Category (Company_UID,CategoryName) VALUES ('2E5BDCD6-7237-E411-90A1-EC9A7436DA60','Alcohol')

 INSERT INTO AspNetRoles (ID,Name) VALUES ('31CAA23C-A8CE-4F25-B737-C435AD71A440' ,'SYSADMIN')
 INSERT INTO AspNetRoles (ID,Name) VALUES ('31CAA23C-A8CE-4F25-B737-C435AD71A441' ,'ADMIN')
 INSERT INTO AspNetRoles (ID,Name) VALUES ('31CAA23C-A8CE-4F25-B737-C435AD71A442' ,'CREW')
 INSERT INTO AspNetRoles (ID,Name) VALUES ('31CAA23C-A8CE-4F25-B737-C435AD71A443' ,'CUSTOMER')
 INSERT INTO AspNetRoles (ID,Name) VALUES ('31CAA23C-A8CE-4F25-B737-C435AD71A444' ,'GUEST')